path,size_mb,tracked_by_git,untracked,ignored_by_git,threshold_bucket,recommended_action
live_sim/output/cockpit_launcher_20260613_022823/live_engine.stdout.log,335.5114,False,False,True,>250MB,DO_NOT_COMMIT_REGENERATE_ON_MAC
structural_compounding_lab/output/broad_historical_structural_replay_001/ledger/_checkpoints/structural_backtest.checkpoint.json,319.8856,False,True,False,>250MB,DO_NOT_COMMIT_REGENERATE_ON_MAC
data_storage/BTCUSDT/1m/BTCUSDT_1m_2018-01-01_to_2026-06-13.csv,273.0237,False,False,True,>250MB,DO_NOT_COMMIT_REDOWNLOAD_ON_MAC
data_storage/BTCUSDT/1m/BTCUSDT_1m_2018-01-01_to_2026-06-12.csv,272.9359,False,False,True,>250MB,DO_NOT_COMMIT_REDOWNLOAD_ON_MAC
data_storage/BTCUSDT/1m/BTCUSDT_1m_2018-01-01T00.00.00_to_2026-05-23T00.00.00.csv,271.172,False,False,True,>250MB,DO_NOT_COMMIT_REDOWNLOAD_ON_MAC
data_storage/ETHUSDT/1m/ETHUSDT_1m_2018-01-01_to_2026-06-13.csv,253.8612,False,False,True,>250MB,DO_NOT_COMMIT_REDOWNLOAD_ON_MAC
data_storage/ETHUSDT/1m/ETHUSDT_1m_2018-01-01_to_2026-06-12.csv,253.7776,False,False,True,>250MB,DO_NOT_COMMIT_REDOWNLOAD_ON_MAC
data_storage/ETHUSDT/1m/ETHUSDT_1m_2018-01-01T00.00.00_to_2026-05-23T00.00.00.csv,252.1009,False,False,True,>250MB,DO_NOT_COMMIT_REDOWNLOAD_ON_MAC
data_storage/TRXUSDT/1m/TRXUSDT_1m_2018-01-01_to_2026-06-13.csv,242.0172,False,False,True,>100MB,DO_NOT_COMMIT_REDOWNLOAD_ON_MAC
data_storage/TRXUSDT/1m/TRXUSDT_1m_2018-01-01_to_2026-06-12.csv,241.9393,False,False,True,>100MB,DO_NOT_COMMIT_REDOWNLOAD_ON_MAC
data_storage/TRXUSDT/1m/TRXUSDT_1m_2018-01-01T00.00.00_to_2026-05-23T00.00.00.csv,240.3852,False,False,True,>100MB,DO_NOT_COMMIT_REDOWNLOAD_ON_MAC
data_storage/XRPUSDT/1m/XRPUSDT_1m_2018-01-01_to_2026-06-13.csv,237.1194,False,False,True,>100MB,DO_NOT_COMMIT_REDOWNLOAD_ON_MAC
data_storage/XRPUSDT/1m/XRPUSDT_1m_2018-01-01_to_2026-06-12.csv,237.0418,False,False,True,>100MB,DO_NOT_COMMIT_REDOWNLOAD_ON_MAC
data_storage/BNBUSDT/1m/BNBUSDT_1m_2018-01-01_to_2026-06-13.csv,236.4827,False,False,True,>100MB,DO_NOT_COMMIT_REDOWNLOAD_ON_MAC
data_storage/BNBUSDT/1m/BNBUSDT_1m_2018-01-01_to_2026-06-12.csv,236.4065,False,False,True,>100MB,DO_NOT_COMMIT_REDOWNLOAD_ON_MAC
data_storage/XRPUSDT/1m/XRPUSDT_1m_2018-01-01T00.00.00_to_2026-05-23T00.00.00.csv,235.4858,False,False,True,>100MB,DO_NOT_COMMIT_REDOWNLOAD_ON_MAC
data_storage/BNBUSDT/1m/BNBUSDT_1m_2018-01-01T00.00.00_to_2026-05-23T00.00.00.csv,234.8749,False,False,True,>100MB,DO_NOT_COMMIT_REDOWNLOAD_ON_MAC
data_storage/ADAUSDT/1m/ADAUSDT_1m_2018-01-01_to_2026-05-22.csv,234.7039,False,False,True,>100MB,DO_NOT_COMMIT_REDOWNLOAD_ON_MAC
data_storage/LTCUSDT/1m/LTCUSDT_1m_2018-01-01_to_2026-05-22.csv,226.1122,False,False,True,>100MB,DO_NOT_COMMIT_REDOWNLOAD_ON_MAC
data_storage/DOGEUSDT/1m/DOGEUSDT_1m_2018-01-01_to_2026-05-22.csv,215.7826,False,False,True,>100MB,DO_NOT_COMMIT_REDOWNLOAD_ON_MAC
data_storage/ETCUSDT/1m/ETCUSDT_1m_2018-01-01_to_2026-05-22.csv,210.8176,False,False,True,>100MB,DO_NOT_COMMIT_REDOWNLOAD_ON_MAC
data_storage/LINKUSDT/1m/LINKUSDT_1m_2018-01-01_to_2026-06-13.csv,199.9736,False,False,True,>100MB,DO_NOT_COMMIT_REDOWNLOAD_ON_MAC
data_storage/LINKUSDT/1m/LINKUSDT_1m_2018-01-01_to_2026-06-12.csv,199.9029,False,False,True,>100MB,DO_NOT_COMMIT_REDOWNLOAD_ON_MAC
data_storage/LINKUSDT/1m/LINKUSDT_1m_2018-01-01T00.00.00_to_2026-05-23T00.00.00.csv,198.4779,False,False,True,>100MB,DO_NOT_COMMIT_REDOWNLOAD_ON_MAC
data_storage/ATOMUSDT/1m/ATOMUSDT_1m_2018-01-01_to_2026-05-22.csv,186.3789,False,False,True,>100MB,DO_NOT_COMMIT_REDOWNLOAD_ON_MAC
data_storage/BTCUSDT/1m/BTCUSDT_1m_2020-09-22T06.30.00_to_2026-05-23T00.00.00.csv,186.0665,False,False,True,>100MB,DO_NOT_COMMIT_REDOWNLOAD_ON_MAC
data_storage/BTCUSDT/1m/BTCUSDT_1m_2020-10-15T03.00.00_to_2026-05-23T00.00.00.csv,183.9904,False,False,True,>100MB,DO_NOT_COMMIT_REDOWNLOAD_ON_MAC
data_storage/ETHUSDT/1m/ETHUSDT_1m_2020-09-22T06.30.00_to_2026-05-23T00.00.00.csv,173.2621,False,False,True,>100MB,DO_NOT_COMMIT_REDOWNLOAD_ON_MAC
data_storage/BCHUSDT/1m/BCHUSDT_1m_2018-01-01_to_2026-05-22.csv,172.8521,False,False,True,>100MB,DO_NOT_COMMIT_REDOWNLOAD_ON_MAC
data_storage/ETHUSDT/1m/ETHUSDT_1m_2020-10-15T03.00.00_to_2026-05-23T00.00.00.csv,171.4316,False,False,True,>100MB,DO_NOT_COMMIT_REDOWNLOAD_ON_MAC
data_storage/TRXUSDT/1m/TRXUSDT_1m_2020-10-15T03.00.00_to_2026-05-23T00.00.00.csv,168.4583,False,False,True,>100MB,DO_NOT_COMMIT_REDOWNLOAD_ON_MAC
data_storage/XRPUSDT/1m/XRPUSDT_1m_2020-10-15T03.00.00_to_2026-05-23T00.00.00.csv,161.5978,False,False,True,>100MB,DO_NOT_COMMIT_REDOWNLOAD_ON_MAC
data_storage/FTMUSDT/1m/FTMUSDT_1m_2018-01-01_to_2026-05-22.csv,161.054,False,False,True,>100MB,DO_NOT_COMMIT_REDOWNLOAD_ON_MAC
data_storage/SOLUSDT/1m/SOLUSDT_1m_2018-01-01_to_2026-06-13.csv,160.9426,False,False,True,>100MB,DO_NOT_COMMIT_REDOWNLOAD_ON_MAC
data_storage/SOLUSDT/1m/SOLUSDT_1m_2018-01-01_to_2026-06-12.csv,160.8699,False,False,True,>100MB,DO_NOT_COMMIT_REDOWNLOAD_ON_MAC
data_storage/SOLUSDT/1m/SOLUSDT_1m_2018-01-01T00.00.00_to_2026-05-23T00.00.00.csv,159.4141,False,False,True,>100MB,DO_NOT_COMMIT_REDOWNLOAD_ON_MAC
data_storage/SOLUSDT/1m/SOLUSDT_1m_2020-09-22T06.30.00_to_2026-05-23T00.00.00.csv,156.2673,False,False,True,>100MB,DO_NOT_COMMIT_REDOWNLOAD_ON_MAC
data_storage/BNBUSDT/1m/BNBUSDT_1m_2020-09-22T06.30.00_to_2026-05-23T00.00.00.csv,155.6808,False,False,True,>100MB,DO_NOT_COMMIT_REDOWNLOAD_ON_MAC
data_storage/MATICUSDT/1m/MATICUSDT_1m_2018-01-01_to_2026-05-22.csv,154.9408,False,False,True,>100MB,DO_NOT_COMMIT_REDOWNLOAD_ON_MAC
data_storage/SOLUSDT/1m/SOLUSDT_1m_2020-10-15T03.00.00_to_2026-05-23T00.00.00.csv,154.5444,False,False,True,>100MB,DO_NOT_COMMIT_REDOWNLOAD_ON_MAC
data_storage/BNBUSDT/1m/BNBUSDT_1m_2020-10-15T03.00.00_to_2026-05-23T00.00.00.csv,153.7825,False,False,True,>100MB,DO_NOT_COMMIT_REDOWNLOAD_ON_MAC
data_storage/DOTUSDT/1m/DOTUSDT_1m_2018-01-01_to_2026-05-22.csv,152.3689,False,False,True,>100MB,DO_NOT_COMMIT_REDOWNLOAD_ON_MAC
data_storage/AAVEUSDT/1m/AAVEUSDT_1m_2018-01-01_to_2026-06-13.csv,150.7715,False,False,True,>100MB,DO_NOT_COMMIT_REDOWNLOAD_ON_MAC
data_storage/AAVEUSDT/1m/AAVEUSDT_1m_2018-01-01_to_2026-06-12.csv,150.7011,False,False,True,>100MB,DO_NOT_COMMIT_REDOWNLOAD_ON_MAC
data_storage/AVAXUSDT/1m/AVAXUSDT_1m_2018-01-01_to_2026-06-13.csv,150.2771,False,False,True,>100MB,DO_NOT_COMMIT_REDOWNLOAD_ON_MAC
data_storage/AVAXUSDT/1m/AVAXUSDT_1m_2018-01-01_to_2026-06-12.csv,150.2063,False,False,True,>100MB,DO_NOT_COMMIT_REDOWNLOAD_ON_MAC
data_storage/LINKUSDT/1m/LINKUSDT_1m_2020-10-15T03.00.00_to_2026-05-23T00.00.00.csv,149.8668,False,False,True,>100MB,DO_NOT_COMMIT_REDOWNLOAD_ON_MAC
data_storage/AAVEUSDT/1m/AAVEUSDT_1m_2018-01-01T00.00.00_to_2026-05-23T00.00.00.csv,149.2822,False,False,True,>100MB,DO_NOT_COMMIT_REDOWNLOAD_ON_MAC
data_storage/AAVEUSDT/1m/AAVEUSDT_1m_2020-10-15T03.00.00_to_2026-05-23T00.00.00.csv,149.2822,False,False,True,>100MB,DO_NOT_COMMIT_REDOWNLOAD_ON_MAC
data_storage/UNIUSDT/1m/UNIUSDT_1m_2018-01-01_to_2026-05-22.csv,149.2551,False,False,True,>100MB,DO_NOT_COMMIT_REDOWNLOAD_ON_MAC
data_storage/AVAXUSDT/1m/AVAXUSDT_1m_2018-01-01T00.00.00_to_2026-05-23T00.00.00.csv,148.7835,False,False,True,>100MB,DO_NOT_COMMIT_REDOWNLOAD_ON_MAC
data_storage/AVAXUSDT/1m/AVAXUSDT_1m_2020-09-22T06.30.00_to_2026-05-23T00.00.00.csv,148.7835,False,False,True,>100MB,DO_NOT_COMMIT_REDOWNLOAD_ON_MAC
data_storage/NEARUSDT/1m/NEARUSDT_1m_2018-01-01_to_2026-05-22.csv,147.5924,False,False,True,>100MB,DO_NOT_COMMIT_REDOWNLOAD_ON_MAC
data_storage/FILUSDT/1m/FILUSDT_1m_2018-01-01_to_2026-05-22.csv,147.5904,False,False,True,>100MB,DO_NOT_COMMIT_REDOWNLOAD_ON_MAC
data_storage/INJUSDT/1m/INJUSDT_1m_2018-01-01_to_2026-05-22.csv,144.3765,False,False,True,>100MB,DO_NOT_COMMIT_REDOWNLOAD_ON_MAC
dashboard/node_modules/@next/swc-win32-x64-msvc/next-swc.win32-x64-msvc.node,141.4995,False,False,True,>100MB,DO_NOT_COMMIT_CACHE
data_storage/OPUSDT/1m/OPUSDT_1m_2018-01-01_to_2026-05-22.csv,106.4079,False,False,True,>100MB,DO_NOT_COMMIT_REDOWNLOAD_ON_MAC
data_storage/APTUSDT/1m/APTUSDT_1m_2018-01-01_to_2026-05-22.csv,96.0667,False,False,True,>50MB,DO_NOT_COMMIT_REDOWNLOAD_ON_MAC
data_storage/ARBUSDT/1m/ARBUSDT_1m_2018-01-01_to_2026-05-22.csv,89.4209,False,False,True,>50MB,DO_NOT_COMMIT_REDOWNLOAD_ON_MAC
data_storage/SUIUSDT/1m/SUIUSDT_1m_2018-01-01_to_2026-05-22.csv,86.1472,False,False,True,>50MB,DO_NOT_COMMIT_REDOWNLOAD_ON_MAC
backtest/output/edge_lab/edge_signals.csv,73.3454,False,False,True,>50MB,DO_NOT_COMMIT_REGENERATE_ON_MAC
structural_compounding_lab/output/broad_historical_structural_replay_001/ledger/level_log.csv,61.2405,False,True,False,>50MB,DO_NOT_COMMIT_REGENERATE_ON_MAC
data_storage/BTCUSDT/5m/BTCUSDT_5m_2018-01-01T00.00.00_to_2026-05-23T00.00.00.csv,56.0826,False,False,True,>50MB,DO_NOT_COMMIT_REDOWNLOAD_ON_MAC
data_storage/POLUSDT/1m/POLUSDT_1m_2018-01-01_to_2026-05-22.csv,47.523,False,False,True,>25MB,DO_NOT_COMMIT_REDOWNLOAD_ON_MAC
data_storage/RENDERUSDT/1m/RENDERUSDT_1m_2018-01-01_to_2026-05-22.csv,47.4726,False,False,True,>25MB,DO_NOT_COMMIT_REDOWNLOAD_ON_MAC
data_storage/BTCUSDT/5m/BTCUSDT_5m_2020-09-22T06.30.00_to_2026-05-23T00.00.00.csv,38.493,False,False,True,>25MB,DO_NOT_COMMIT_REDOWNLOAD_ON_MAC
structural_compounding_lab/output/evidence_review_001/holdout_recent_preview/_checkpoints/structural_backtest.checkpoint.json,38.1002,False,True,False,>25MB,DO_NOT_COMMIT_REGENERATE_ON_MAC
data_storage/BTCUSDT/5m/BTCUSDT_5m_2020-10-15T03.00.00_to_2026-05-23T00.00.00.csv,38.0646,False,False,True,>25MB,DO_NOT_COMMIT_REDOWNLOAD_ON_MAC
backtest/output/htf_12h_forward_return_20260602/htf_forward_candidates.csv,36.8097,False,False,True,>25MB,DO_NOT_COMMIT_REGENERATE_ON_MAC
data_storage/ETHUSDT/5m/ETHUSDT_5m_2020-09-22T06.30.00_to_2026-05-23T00.00.00.csv,35.9646,False,False,True,>25MB,DO_NOT_COMMIT_REDOWNLOAD_ON_MAC
data_storage/ETHUSDT/5m/ETHUSDT_5m_2020-10-15T03.00.00_to_2026-05-23T00.00.00.csv,35.5846,False,False,True,>25MB,DO_NOT_COMMIT_REDOWNLOAD_ON_MAC
backtest/output/htf_12h_validation_20260601/scenario_core_only/trades.csv,35.537,False,False,True,>25MB,DO_NOT_COMMIT_REGENERATE_ON_MAC
structural_compounding_lab/output/rolling_five_year_mission_viability_audit_001/diagnostics/window_equity_curves.csv,35.2929,False,True,False,>25MB,DO_NOT_COMMIT_REGENERATE_ON_MAC
backtest/output/validation/weighted_impulse_breakout_fullrange/weighted_broad_current/full_range/trades.csv,34.856,False,False,True,>25MB,DO_NOT_COMMIT_REGENERATE_ON_MAC
data_storage/TRXUSDT/5m/TRXUSDT_5m_2020-10-15T03.00.00_to_2026-05-23T00.00.00.csv,34.8397,False,False,True,>25MB,DO_NOT_COMMIT_REDOWNLOAD_ON_MAC
data_storage/XRPUSDT/5m/XRPUSDT_5m_2020-10-15T03.00.00_to_2026-05-23T00.00.00.csv,32.952,False,False,True,>25MB,DO_NOT_COMMIT_REDOWNLOAD_ON_MAC
data_storage/SOLUSDT/5m/SOLUSDT_5m_2020-09-22T06.30.00_to_2026-05-23T00.00.00.csv,32.6897,False,False,True,>25MB,DO_NOT_COMMIT_REDOWNLOAD_ON_MAC
data_storage/BNBUSDT/5m/BNBUSDT_5m_2020-09-22T06.30.00_to_2026-05-23T00.00.00.csv,32.5951,False,False,True,>25MB,DO_NOT_COMMIT_REDOWNLOAD_ON_MAC
data_storage/SOLUSDT/5m/SOLUSDT_5m_2020-10-15T03.00.00_to_2026-05-23T00.00.00.csv,32.3241,False,False,True,>25MB,DO_NOT_COMMIT_REDOWNLOAD_ON_MAC
data_storage/BNBUSDT/5m/BNBUSDT_5m_2020-10-15T03.00.00_to_2026-05-23T00.00.00.csv,32.2012,False,False,True,>25MB,DO_NOT_COMMIT_REDOWNLOAD_ON_MAC
data_storage/AAVEUSDT/5m/AAVEUSDT_5m_2020-10-15T03.00.00_to_2026-05-23T00.00.00.csv,31.5561,False,False,True,>25MB,DO_NOT_COMMIT_REDOWNLOAD_ON_MAC
data_storage/LINKUSDT/5m/LINKUSDT_5m_2020-10-15T03.00.00_to_2026-05-23T00.00.00.csv,31.4857,False,False,True,>25MB,DO_NOT_COMMIT_REDOWNLOAD_ON_MAC
data_storage/AVAXUSDT/5m/AVAXUSDT_5m_2020-09-22T06.30.00_to_2026-05-23T00.00.00.csv,31.355,False,False,True,>25MB,DO_NOT_COMMIT_REDOWNLOAD_ON_MAC
dashboard/.next/cache/webpack/server-production/0.pack,29.8929,False,False,True,>25MB,DO_NOT_COMMIT_CACHE
dashboard/.next/cache/webpack/client-production/0.pack,28.8102,False,False,True,>25MB,DO_NOT_COMMIT_CACHE
live_sim/output/cockpit_launcher_20260606_184809/live_engine.stdout.log,27.1595,False,False,True,>25MB,DO_NOT_COMMIT_REGENERATE_ON_MAC
