step_number,stage_name,command_run,success,output_folder,final_classification,key_metrics,matched_expected_target,notes
1,Root BTCUSDT public archive,"BINANCE_API_KEY='' BINANCE_API_SECRET='' .venv311/bin/python main_download.py --symbol BTCUSDT --interval 1m --start-date 2018-01-01 --end-date 2026-06-13",true,data_storage/BTCUSDT/1m/,HISTORICAL_1M_ARCHIVE_RECREATED,"rows=4434313; first=2018-01-01T00:00:00; last=2026-06-13T00:00:00; duplicates_removed=0",true,Public Binance klines only; checkpointed rebuild completed.
P1,Six-month structural root ledger,".venv311/bin/python -m structural_compounding_lab.backtest.run_structural_backtest --symbol BTCUSDT --source-csv /Users/mac/Documents/Retail-Trading-System/data_storage/BTCUSDT/1m/BTCUSDT_1m_2025-12-13_to_2026-06-13.csv",true,structural_compounding_lab/output/,RESEARCH_LEDGER_REBUILT,"trades=336; ending_equity=16054.30",n/a,Required to reconstruct the frozen-rule discovery lineage.
P2,Broad historical structural replay,.venv311/bin/python -m structural_compounding_lab.diagnostics.broad_historical_structural_replay,true,structural_compounding_lab/output/broad_historical_structural_replay_001/,COMPLETE,"trades=5649; long=2338; short=3311; years=2018-2026",true,Full unchanged native replay completed in approximately 6h24m.
P3,Frozen patch discovery courts,"five_year_compounding_audit; long_short_edge_repair_audit; long_damage_control_patch_audit; frozen_patch_validation_audit",true,structural_compounding_lab/output/frozen_patch_validation_audit_001/,PROMISING_NEEDS_WALK_FORWARD,"frozen candidate=BAD_LONGS_DISABLED_ONLY_PROVEN_SHORTS_KEPT",partial,Original ignored Windows discovery ledger was unavailable; exact frozen short bucket recovered from seven regression fixtures without retuning.
P4,Broad frozen patch validation,.venv311/bin/python -m structural_compounding_lab.diagnostics.broad_frozen_patch_validation,true,structural_compounding_lab/output/broad_frozen_patch_validation_001/,PATCH_IMPROVES_AND_REQUIRES_REPAIR,"patched_equity=102908272.68; kept_trades=604",true,Frozen rule applied unchanged to broad history.
P5,Broad patch bluntness audit,.venv311/bin/python -m structural_compounding_lab.diagnostics.broad_patch_bluntness_audit,true,structural_compounding_lab/output/broad_patch_bluntness_audit_001/,PATCH_ACCOUNTING_NEEDS_RECONCILIATION,"removed_winners=1823; removed_losers=3100",true,Prerequisite omitted from migration CSV.
P6,Broad accounting and short rescue,.venv311/bin/python -m structural_compounding_lab.diagnostics.broad_patch_accounting_and_short_rescue_audit,true,structural_compounding_lab/output/broad_patch_accounting_and_short_rescue_audit_001/,SHORT_RESCUE_PROMISING_RESEARCH_ONLY,"best_reconciled_equity=2711458.71",true,Native-style accounting court restored.
P7,Rolling five-year mission viability,.venv311/bin/python -m structural_compounding_lab.diagnostics.rolling_five_year_mission_viability_audit,true,structural_compounding_lab/output/rolling_five_year_mission_viability_audit_001/,FIVE_YEAR_1M_MISSION_PROMISING_RESEARCH_ONLY,"rolling_windows=43; median_realistic=312776.87",true,Five-year court restored.
P8,Equal-highs forensic rescue,.venv311/bin/python -m structural_compounding_lab.diagnostics.equal_highs_liquidity_sweep_rescue_forensic_audit,true,structural_compounding_lab/output/equal_highs_liquidity_sweep_rescue_forensic_audit_001/,RESCUE_WEAK_UNSTABLE,"forensic_average=298237.82; 1M_hits=0",true,Optimistic rescue collapsed under forensic treatment as expected.
P9,Support-room repair,.venv311/bin/python -m structural_compounding_lab.diagnostics.support_room_short_rescue_repair_audit,true,structural_compounding_lab/output/support_room_short_rescue_repair_audit_001/,SUPPORT_ROOM_REPAIR_IMPROVES_BUT_NOT_MISSION_MOVING,"best_average=488601.28; 1M_hits=0",true,Research-only feature court restored.
P10,Native pre-entry SR enrichment,.venv311/bin/python -m structural_compounding_lab.diagnostics.native_pre_entry_sr_feature_enrichment_audit,true,structural_compounding_lab/output/native_pre_entry_sr_feature_enrichment_audit_001/,SR_ENRICHMENT_IMPROVES_BUT_NOT_MISSION_MOVING,"best_average=543144.31; 1M_hits=0",true,Native pre-entry enrichment restored.
P11,Native SR-aware replay,.venv311/bin/python -m structural_compounding_lab.diagnostics.native_sr_aware_structural_replay_reproduction_audit,true,structural_compounding_lab/output/native_sr_aware_structural_replay_reproduction_audit_001/,NATIVE_SR_REPLAY_WEAK,"strict_average=505632.58; strict_median=499590.19; 1M_hits=0",true,Matches README research stage.
P12,Native strict stress and Monte Carlo,.venv311/bin/python -m structural_compounding_lab.diagnostics.native_sr_aware_strict_stress_monte_carlo_audit,true,structural_compounding_lab/output/native_sr_aware_strict_stress_monte_carlo_audit_001/,PROMISING_BUT_NOT_MISSION_MOVING,"full_equity=3303577.61; rolling_average=505632.58; MC_paths=5000",true,Strict variant remains research-only.
P13,Native five-year mission gap,.venv311/bin/python -m structural_compounding_lab.diagnostics.native_sr_aware_5y_mission_gap_audit,true,structural_compounding_lab/output/native_sr_aware_5y_mission_gap_audit_001/,FIVE_YEAR_GAP_READY_FOR_MONTE_CARLO_RETEST_RESEARCH_ONLY,"bridge_average=1109260.21; bridge_1M_hits=22",partial,Slight precursor metric drift versus frozen Windows narrative; downstream frozen bridge retest matched.
P14,Strict milestone bridge Monte Carlo,.venv311/bin/python -m structural_compounding_lab.diagnostics.strict_sr_aware_milestone_bridge_monte_carlo_audit,true,structural_compounding_lab/output/strict_sr_aware_milestone_bridge_monte_carlo_audit_001/,BRIDGE_PROMISING_BUT_FRAGILE,"rolling_average=1089270.35; median=1015162.12; 1M_hits=21",true,Matches README bridge court.
P15,Milestone bridge fragility repair,.venv311/bin/python -m structural_compounding_lab.diagnostics.milestone_bridge_fragility_driver_repair_audit,true,structural_compounding_lab/output/milestone_bridge_fragility_driver_repair_audit_001/,FRAGILITY_REPAIR_1M_PROMISING_RESEARCH_ONLY,"main_driver=cost_drag_and_trade_redundancy; 1M_hits=21",true,Required prerequisite for trusted execution-cost baseline.
2,Trusted 1H baseline and execution-cost court,.venv311/bin/python -m structural_compounding_lab.diagnostics.execution_cost_realism_and_trade_redundancy_audit,true,structural_compounding_lab/output/execution_cost_realism_and_trade_redundancy_audit_001/,EXECUTION_REDUNDANCY_WEAK,"normal_average=792824.55832; normal_median=786049.44639; 1M_hits=12",true,Exact expected baseline restored.
3,12H native execution rejection,.venv311/bin/python -m structural_compounding_lab.diagnostics.native_12h_execution_sleeve_discovery_audit,true,structural_compounding_lab/output/native_12h_execution_sleeve_discovery_audit_001/,NATIVE_12H_EXECUTION_REJECTED,"baseline_reconciliation=true; best_12H_average=22536.73",true,12H execution remains retired and diagnostic only.
P16,300k aggressive milestone court,.venv311/bin/python -m structural_compounding_lab.diagnostics.milestone_gated_explosive_compounding_audit,true,structural_compounding_lab/output/milestone_gated_explosive_compounding_audit_001/,MILESTONE_GATED_COMPOUNDING_IMPROVES_BUT_FRAGILE,"best=GEAR_AFTER_300K_AGGRESSIVE_CONTROLLED; average=1017260.03",true,Aggressive gear remains research comparison only.
P17,Milestone fragility repair,.venv311/bin/python -m structural_compounding_lab.diagnostics.milestone_gated_compounding_fragility_repair_audit,true,structural_compounding_lab/output/milestone_gated_compounding_fragility_repair_audit_001/,MILESTONE_FRAGILITY_REPAIR_IMPROVES_BUT_STILL_FRAGILE,"repaired_average=826512.16; still_fragile=true",true,Prerequisite omitted from migration CSV.
5,Earned gear discovery,.venv311/bin/python -m structural_compounding_lab.diagnostics.earned_gear_activation_discovery_audit,true,structural_compounding_lab/output/earned_gear_activation_discovery_audit_001/,EARNED_GEAR_DISCOVERY_IMPROVES_BUT_FRAGILE,"best=AGGRESSIVE_CONTROLLED_REFERENCE_300K; aggressive_gear_shadow_log_only=true",true,Successful run promoted from timestamped resume-safe folder; blocked attempt preserved.
4,1H plus 6H context reconciliation,.venv311/bin/python -m structural_compounding_lab.diagnostics.htf_context_role_reconciliation_audit,true,structural_compounding_lab/output/htf_context_role_reconciliation_audit_001/,SIX_H_CONTEXT_IMPROVES_1H_RESEARCH_ONLY,"variant=LIGHT_BOOST_6H_CONFLUENCE; average=881465.531787; median=878431.045803",true,Exact expected context result restored.
6,6H native execution scout,.venv311/bin/python -m structural_compounding_lab.diagnostics.six_hour_native_execution_tide_context_audit,true,structural_compounding_lab/output/six_hour_native_execution_tide_context_audit_001/,SIX_H_NATIVE_EXECUTION_WEAK,"combined_average=169761.73; combined_1M_hits=0",true,12H/1D/1W remain diagnostic only.
7,Shadow-forward validation specification,.venv311/bin/python -m structural_compounding_lab.diagnostics.shadow_forward_validation_spec_audit,true,structural_compounding_lab/output/shadow_forward_validation_spec_audit_001/,SHADOW_SPEC_READY_WITH_6H_CONTEXT_RESEARCH_ONLY,"duration=90d; min_signals=50; readiness_gates=12",true,No execution path created.
8,Shadow observer,".venv311/bin/python -m structural_compounding_lab.shadow_forward.shadow_forward_observer --mode dry_run_backfill --source-csv data_storage/BTCUSDT/1m/BTCUSDT_1m_2025-12-13_to_2026-06-13.csv",true,structural_compounding_lab/output/shadow_forward_observer_001/,SHADOW_OBSERVER_READY_RESEARCH_ONLY,"decisions=4329; accepted=547; reproduction_accuracy=1.0",true,Historical backfill does not grant paper readiness.
9,Watchtower append-only observation,".venv311/bin/python -m structural_compounding_lab.shadow_forward.shadow_forward_watchtower --mode single_cycle --source-csv data_storage/BTCUSDT/1m/BTCUSDT_1m_2018-01-01_to_2026-06-13.csv",true,structural_compounding_lab/output/shadow_forward_watchtower_001/,WATCHTOWER_READY_BUT_WAITING_FOR_FORWARD_DAYS,"forward_days=8; observed_decisions=189; gaps=0",true,Initial stale bootstrap ledger preserved separately and clean watchtower rebuilt from canonical tape.
10,Fresh BTC updater,"BINANCE_API_KEY='' BINANCE_API_SECRET='' .venv311/bin/python -m structural_compounding_lab.shadow_forward.fresh_btcusdt_data_updater --mode update_and_catchup",true,structural_compounding_lab/output/fresh_btcusdt_data_updater_001/,FRESH_DATA_READY_AND_WATCHTOWER_STARTED,"rows_appended=660; canonical_rows=273420; gaps=0; duplicates=0; latest=2026-06-20T20:59:00",true,Public Binance klines only; no account/order endpoint.
11,Pilot automation,".venv311/bin/python -m structural_compounding_lab.shadow_forward.shadow_forward_pilot_automation --mode self_check && .venv311/bin/python -m structural_compounding_lab.shadow_forward.shadow_forward_pilot_automation --mode daily_status",true,structural_compounding_lab/output/shadow_forward_pilot_automation_001/,AUTOMATION_READY_FOR_MANUAL_APPROVAL,"self_check=PASS; daily_status=YELLOW; warning=scheduler_not_installed_yet; paper_validation_ready=false",true,Canonical data is fresh and gap-free; scheduler remains intentionally uninstalled.
12,Last 6 month walk-forward validation,".venv311/bin/python -m structural_compounding_lab.diagnostics.last_6_month_walk_forward_validation --source-csv structural_compounding_lab/data_storage/BTCUSDT/1m/btcusdt_1m_canonical_shadow_forward.csv --start 2025-12-13T00:00:00Z --end 2026-06-20T20:59:00Z --output-dir structural_compounding_lab/output/last_6_month_walk_forward_validation_001",true,structural_compounding_lab/output/last_6_month_walk_forward_validation_001/,LAST_6M_WALK_FORWARD_VALIDATION_PASSED_RESEARCH_ONLY,"rows=273420; 1h_evaluated=4518; accepted_trades=30; total_R=48.194794; profit_factor=25.097397; max_drawdown_pct=0.01; gaps=0; duplicates=0",true,Frozen strategy behavior remained unchanged; 6H stayed annotation-only; paper_validation_ready=false; no paper/live/order/broker path created.
